timestamp,post_id,subject,content,response
2024-05-22 09:30:27,1,Data Engineering,bang for your buck,due by end of day
2024-05-22 09:30:26,2,TDD,I need a partner, 
2024-05-22 09:30:25,3,Guided Project,I do not know what to write,include me in the meeting
2024-05-22 09:30:24,4,Claim,sorry to bother you,we will present this
2024-05-22 09:30:23,5,Personal Insurance,on the same page,happy to help
2024-05-22 09:30:22,6,PostgresSQL,this is hard,this is unrelated
2024-05-22 09:30:21,7,Cloud,morning meeting,include me in the meeting
2024-05-22 09:30:20,8,Webage,that makes sense,that will not work
2024-05-22 09:30:19,9,Pair Programming,no worries,due by end of day
2024-05-22 09:30:18,10,SME,thanks for the help,include me in the meeting
2024-05-22 09:30:17,11,NPM,that being said,we will present this
2024-05-22 09:30:16,12,Claim,sorry to bother you,please forward the document
2024-05-22 09:30:15,13,DevOps,on the same page,we will present this
2024-05-22 09:30:14,14,Personal Insurance,that makes sense,I do not know
2024-05-22 09:30:13,15,MERN,irregardless,schedule a meeting to discuss
2024-05-22 09:30:12,16,Capstone,I am running out of ideas,this is unrelated
2024-05-22 09:30:11,17,Python,morning meeting,happy to help
2024-05-22 09:30:10,18,PostgresSQL,bang for your buck,happy to help
2024-05-22 09:30:09,19,Cloud,this is hard,I do not know
2024-05-22 09:30:08,20,Cloud,amazing,due by end of day
2024-05-22 09:30:07,21,Pair Programming,sorry to bother you,good idea
2024-05-22 09:30:06,22,PostgresSQL,that being said,good idea
2024-05-22 09:30:05,23,Webage,get the ball rolling,this makes no sense
2024-05-22 09:30:04,24,Claim,hit the ground running, 
2024-05-22 09:30:03,25,Pair Programming,this is exhausting, 
2024-05-22 09:30:02,26,React,hit the ground running,schedule a meeting to discuss
2024-05-22 09:30:01,27,SME,I am running out of ideas, 
2024-05-22 09:30:00,28,Knowledge Assessment,bang for your buck,please forward the document
2024-05-22 09:29:59,29,JavaScript,on the same page,why is this required
2024-05-22 09:29:58,30,Data Engineering,at the end of the day,this makes no sense
2024-05-22 09:29:57,31,Pair Programming,at the end of the day,this makes no sense
2024-05-22 09:29:56,32,Data Engineering,this is hard,we will present this
2024-05-22 09:29:55,33,Capstone,hit the ground running,I do not know
2024-05-22 09:29:54,34,Jenkins,out of left field,why is this required
2024-05-22 09:29:53,35,Data Engineering,I do not know what to write, 
2024-05-22 09:29:52,36,Knowledge Assessment,get the ball rolling,happy to help
2024-05-22 09:29:51,37,JavaScript,no worries,schedule a meeting to discuss
2024-05-22 09:29:50,38,Claim,amazing,this makes no sense
2024-05-22 09:29:49,39,React,sorry to bother you,please forward the document
2024-05-22 09:29:48,40,JavaScript,absolutely,bring the whole team in on this
2024-05-22 09:29:47,41,PostgresSQL,we will circle back,good idea
2024-05-22 09:29:46,42,Snowflake,at the end of the day,I do not know
2024-05-22 09:29:45,43,TDD,this is hard,that will not work
2024-05-22 09:29:44,44,Data Science,bang for your buck,due by end of day
2024-05-22 09:29:43,45,Business Insurance,moving forward,that will not work
2024-05-22 09:29:42,46,Webage,hit the ground running,schedule a meeting to discuss
2024-05-22 09:29:41,47,PostgresSQL,that being said,due by end of day
2024-05-22 09:29:40,48,App Development,it is what it is,we will present this
2024-05-22 09:29:39,49,Webage,hit the ground running,schedule a meeting to discuss
2024-05-22 09:29:38,50,Risk Control,hit the ground running,bring the whole team in on this
2024-05-22 09:29:37,51,Python,as per my last post,please forward the document
2024-05-22 09:29:36,52,DevOps,it is what it is, 
2024-05-22 09:29:35,53,TDD,out of left field,this makes no sense
2024-05-22 09:29:34,54,Git,interesting,include me in the meeting
2024-05-22 09:29:33,55,Git,thanks for the help,we will present this
2024-05-22 09:29:32,56,Personal Insurance,sorry to bother you,include me in the meeting
2024-05-22 09:29:31,57,Git,interesting,schedule a meeting to discuss
2024-05-22 09:29:30,58,TDD,hit the ground running,I do not know
2024-05-22 09:29:29,59,Claim,as per my last post,that will not work
2024-05-22 09:29:28,60,Snowflake,irregardless,I do not know
2024-05-22 09:29:27,61,Python,provide the answer,this makes no sense
2024-05-22 09:29:26,62,MERN,thanks for the help,please forward the document
2024-05-22 09:29:25,63,Python,out of left field,include me in the meeting
2024-05-22 09:29:24,64,NPM,morning meeting,this is unrelated
2024-05-22 09:29:23,65,Git,hit the ground running,please forward the document
2024-05-22 09:29:22,66,JavaScript,absolutely,why is this required
2024-05-22 09:29:21,67,PostgresSQL,this is hard,include me in the meeting
2024-05-22 09:29:20,68,SME,amazing,I do not know
2024-05-22 09:29:19,69,Python,I do not know what to write, 
2024-05-22 09:29:18,70,PostgresSQL,think outside the box,schedule a meeting to discuss
2024-05-22 09:29:17,71,Business Insurance,this is exhausting,good idea
2024-05-22 09:29:16,72,App Development,morning meeting,good idea
2024-05-22 09:29:15,73,Knowledge Assessment,sorry to bother you,bring the whole team in on this
2024-05-22 09:29:14,74,Risk Control,as per my last post,why is this required
2024-05-22 09:29:13,75,Business Insurance,think outside the box,include me in the meeting
2024-05-22 09:29:12,76,MERN,that makes sense,due by end of day
2024-05-22 09:29:11,77,Jenkins,this is hard,this makes no sense
2024-05-22 09:29:10,78,Data Science,get the ball rolling,I do not know
2024-05-22 09:29:09,79,MERN,no worries,due by end of day
2024-05-22 09:29:08,80,Python,moving forward,schedule a meeting to discuss
2024-05-22 09:29:07,81,Knowledge Assessment,morning meeting,that will not work
2024-05-22 09:29:06,82,JavaScript,I do not know what to write,please forward the document
2024-05-22 09:29:05,83,Claim,bang for your buck,happy to help
2024-05-22 09:29:04,84,Capstone,on the same page,why is this required
2024-05-22 09:29:03,85,MERN,irregardless,I do not know
2024-05-22 09:29:02,86,Risk Control,bang for your buck,why is this required
2024-05-22 09:29:01,87,Git,morning meeting,due by end of day
2024-05-22 09:29:00,88,Risk Control,think outside the box, 
2024-05-22 09:28:59,89,React,as per my last post,include me in the meeting
2024-05-22 09:28:58,90,Webage,out of left field,this makes no sense
2024-05-22 09:28:57,91,Bond & Specialty Insurance,it is what it is,we will present this
2024-05-22 09:28:56,92,Guided Project,at the end of the day,this makes no sense
2024-05-22 09:28:55,93,Data Science,think outside the box,please forward the document
2024-05-22 09:28:54,94,Data Engineering,bang for your buck,that will not work
2024-05-22 09:28:53,95,Personal Insurance,amazing,that will not work
2024-05-22 09:28:52,96,Capstone,morning meeting,please forward the document
2024-05-22 09:28:51,97,Personal Insurance,that makes sense,why is this required
2024-05-22 09:28:50,98,Sprint Planning,a no-brainer,include me in the meeting
2024-05-22 09:28:49,99,Pair Programming,this is hard,this is unrelated
2024-05-22 09:28:48,100,TDD,I am running out of ideas,this makes no sense
2024-05-22 09:28:47,101,Cloud,a no-brainer,bring the whole team in on this
2024-05-22 09:28:46,102,App Development,on the same page,this makes no sense
2024-05-22 09:28:45,103,Business Insurance,at the end of the day,this makes no sense
2024-05-22 09:28:44,104,Sprint Planning,that makes sense,I do not know
2024-05-22 09:28:43,105,Cloud,out of left field,we will present this
2024-05-22 09:28:42,106,MERN,provide the answer,schedule a meeting to discuss
2024-05-22 09:28:41,107,Bond & Specialty Insurance,on the same page,why is this required
2024-05-22 09:28:40,108,MERN,this is hard,please forward the document
2024-05-22 09:28:39,109,MERN,on the same page,include me in the meeting
2024-05-22 09:28:38,110,Snowflake,hit the ground running,why is this required
2024-05-22 09:28:37,111,Risk Control,that makes sense,why is this required
2024-05-22 09:28:36,112,DevOps,a no-brainer,that will not work
2024-05-22 09:28:35,113,Capstone,amazing,that will not work
2024-05-22 09:28:34,114,Snowflake,a no-brainer,include me in the meeting
2024-05-22 09:28:33,115,Knowledge Assessment,moving forward,that will not work
2024-05-22 09:28:32,116,Sprint Planning,thanks for the help, 
2024-05-22 09:28:31,117,TDD,on the same page,this makes no sense
2024-05-22 09:28:30,118,Bond & Specialty Insurance,moving forward,that will not work
2024-05-22 09:28:29,119,DevOps,irregardless,please forward the document
2024-05-22 09:28:28,120,MERN,that makes sense,happy to help
2024-05-22 09:28:27,121,DevOps,interesting,why is this required
2024-05-22 09:28:26,122,MERN,provide the answer,good idea
2024-05-22 09:28:25,123,Data Science,morning meeting,we will present this
2024-05-22 09:28:24,124,Sprint Planning,I need a partner,schedule a meeting to discuss
2024-05-22 09:28:23,125,NPM,bang for your buck,schedule a meeting to discuss
2024-05-22 09:28:22,126,Knowledge Assessment,get the ball rolling,that will not work
2024-05-22 09:28:21,127,Cloud,hit the ground running,good idea
2024-05-22 09:28:20,128,App Development,this is hard,good idea
2024-05-22 09:28:19,129,Data Engineering,irregardless,good idea
2024-05-22 09:28:18,130,App Development,irregardless,good idea
2024-05-22 09:28:17,131,Git,it is what it is,this is unrelated
2024-05-22 09:28:16,132,Risk Control,on the same page,include me in the meeting
2024-05-22 09:28:15,133,Python,I do not know what to write,this makes no sense
2024-05-22 09:28:14,134,App Development,think outside the box,please forward the document
2024-05-22 09:28:13,135,Snowflake,no worries,we will present this
2024-05-22 09:28:12,136,Git,that makes sense,bring the whole team in on this
2024-05-22 09:28:11,137,App Development,that makes sense,we will present this
2024-05-22 09:28:10,138,Knowledge Assessment,that makes sense,please forward the document
2024-05-22 09:28:09,139,Python,as per my last post,this is unrelated
2024-05-22 09:28:08,140,DevOps,morning meeting,happy to help
2024-05-22 09:28:07,141,TDD,I am running out of ideas,why is this required
2024-05-22 09:28:06,142,Pair Programming,that makes sense,this is unrelated
2024-05-22 09:28:05,143,Business Insurance,interesting, 
2024-05-22 09:28:04,144,Knowledge Assessment,out of left field,due by end of day
2024-05-22 09:28:03,145,Risk Control,that being said,please forward the document
2024-05-22 09:28:02,146,JavaScript,out of left field,schedule a meeting to discuss
2024-05-22 09:28:01,147,MERN,amazing,we will present this
2024-05-22 09:28:00,148,Jenkins,absolutely,bring the whole team in on this
2024-05-22 09:27:59,149,MERN,morning meeting,due by end of day
2024-05-22 09:27:58,150,SME,irregardless,happy to help
2024-05-22 09:27:57,151,Jenkins,hit the ground running,that will not work
2024-05-22 09:27:56,152,Knowledge Assessment,that makes sense,include me in the meeting
2024-05-22 09:27:55,153,Cloud,I need a partner,this is unrelated
2024-05-22 09:27:54,154,Bond & Specialty Insurance,moving forward,this is unrelated
2024-05-22 09:27:53,155,Snowflake,it is what it is,happy to help
2024-05-22 09:27:52,156,PostgresSQL,get the ball rolling,this is unrelated
2024-05-22 09:27:51,157,Data Engineering,no worries,this is unrelated
2024-05-22 09:27:50,158,Sprint Planning,thanks for the help,this is unrelated
2024-05-22 09:27:49,159,Personal Insurance,this is exhausting,this makes no sense
2024-05-22 09:27:48,160,Webage,it is what it is,include me in the meeting
2024-05-22 09:27:47,161,TDD,out of left field,I do not know
2024-05-22 09:27:46,162,Personal Insurance,sorry to bother you,this is unrelated
2024-05-22 09:27:45,163,Pair Programming,this is hard,I do not know
2024-05-22 09:27:44,164,Data Science,moving forward,bring the whole team in on this
2024-05-22 09:27:43,165,Python,get the ball rolling,schedule a meeting to discuss
2024-05-22 09:27:42,166,Knowledge Assessment,this is exhausting,include me in the meeting
2024-05-22 09:27:41,167,Bond & Specialty Insurance,a no-brainer,please forward the document
2024-05-22 09:27:40,168,Bond & Specialty Insurance,I am running out of ideas,good idea
2024-05-22 09:27:39,169,NPM,this is exhausting,good idea
2024-05-22 09:27:38,170,Jenkins,a no-brainer,include me in the meeting
2024-05-22 09:27:37,171,TDD,interesting,happy to help
2024-05-22 09:27:36,172,React,get the ball rolling,that will not work
2024-05-22 09:27:35,173,Webage,no worries,that will not work
2024-05-22 09:27:34,174,Data Science,amazing, 
2024-05-22 09:27:33,175,Business Insurance,no worries,why is this required
2024-05-22 09:27:32,176,Guided Project,at the end of the day,we will present this
2024-05-22 09:27:31,177,JavaScript,I am running out of ideas,bring the whole team in on this
2024-05-22 09:27:30,178,Sprint Planning,sorry to bother you,happy to help
2024-05-22 09:27:29,179,Claim,morning meeting,good idea
2024-05-22 09:27:28,180,App Development,it is what it is,happy to help
2024-05-22 09:27:27,181,TDD,as per my last post,bring the whole team in on this
2024-05-22 09:27:26,182,Risk Control,at the end of the day,why is this required
2024-05-22 09:27:25,183,Personal Insurance,I do not know what to write,we will present this
2024-05-22 09:27:24,184,Cloud,at the end of the day,bring the whole team in on this
2024-05-22 09:27:23,185,Personal Insurance,I do not know what to write,this makes no sense
2024-05-22 09:27:22,186,Business Insurance,it is what it is,this is unrelated
2024-05-22 09:27:21,187,Guided Project,get the ball rolling,why is this required
2024-05-22 09:27:20,188,Claim,no worries,please forward the document
2024-05-22 09:27:19,189,Capstone,amazing,why is this required
2024-05-22 09:27:18,190,DevOps,as per my last post,happy to help
2024-05-22 09:27:17,191,Guided Project,I am running out of ideas,why is this required
2024-05-22 09:27:16,192,Guided Project,I do not know what to write,good idea
2024-05-22 09:27:15,193,Python,out of left field,I do not know
2024-05-22 09:27:14,194,Snowflake,think outside the box,bring the whole team in on this
2024-05-22 09:27:13,195,TDD,interesting,happy to help
2024-05-22 09:27:12,196,Pair Programming,a no-brainer,we will present this
2024-05-22 09:27:11,197,TDD,no worries,I do not know
2024-05-22 09:27:10,198,Data Science,interesting,happy to help
2024-05-22 09:27:09,199,React,hit the ground running, 
2024-05-22 09:27:08,200,PostgresSQL,sorry to bother you, 
2024-05-22 09:27:07,201,Sprint Planning,out of left field, 
2024-05-22 09:27:06,202,Cloud,moving forward,bring the whole team in on this
2024-05-22 09:27:05,203,Pair Programming,I am running out of ideas,good idea
2024-05-22 09:27:04,204,Knowledge Assessment,moving forward,why is this required
2024-05-22 09:27:03,205,Capstone,get the ball rolling,that will not work
2024-05-22 09:27:02,206,Capstone,thanks for the help,due by end of day
2024-05-22 09:27:01,207,Jenkins,morning meeting,we will present this
2024-05-22 09:27:00,208,Sprint Planning,at the end of the day,schedule a meeting to discuss
2024-05-22 09:26:59,209,TDD,get the ball rolling,why is this required
2024-05-22 09:26:58,210,Cloud,as per my last post,include me in the meeting
2024-05-22 09:26:57,211,Data Science,we will circle back,please forward the document
2024-05-22 09:26:56,212,TDD,sorry to bother you,happy to help
2024-05-22 09:26:55,213,Sprint Planning,this is hard,good idea
2024-05-22 09:26:54,214,Webage,this is hard,schedule a meeting to discuss
2024-05-22 09:26:53,215,Jenkins,a no-brainer,good idea
2024-05-22 09:26:52,216,App Development,thanks for the help,bring the whole team in on this
2024-05-22 09:26:51,217,NPM,this is hard,schedule a meeting to discuss
2024-05-22 09:26:50,218,Webage,no worries,good idea
2024-05-22 09:26:49,219,Personal Insurance,that being said,happy to help
2024-05-22 09:26:48,220,Guided Project,morning meeting,include me in the meeting
2024-05-22 09:26:47,221,Snowflake,hit the ground running,good idea
2024-05-22 09:26:46,222,Git,we will circle back,this makes no sense
2024-05-22 09:26:45,223,Knowledge Assessment,moving forward,that will not work
2024-05-22 09:26:44,224,SME,morning meeting, 
2024-05-22 09:26:43,225,Personal Insurance,sorry to bother you,please forward the document
2024-05-22 09:26:42,226,MERN,I do not know what to write,this is unrelated
2024-05-22 09:26:41,227,Sprint Planning,as per my last post, 
2024-05-22 09:26:40,228,Pair Programming,I need a partner,we will present this
2024-05-22 09:26:39,229,Cloud,no worries,this makes no sense
2024-05-22 09:26:38,230,Data Engineering,a no-brainer,good idea
2024-05-22 09:26:37,231,Jenkins,sorry to bother you,why is this required
2024-05-22 09:26:36,232,TDD,thanks for the help,include me in the meeting
2024-05-22 09:26:35,233,App Development,amazing,this makes no sense
2024-05-22 09:26:34,234,Sprint Planning,this is hard,include me in the meeting
2024-05-22 09:26:33,235,Cloud,provide the answer,that will not work
2024-05-22 09:26:32,236,Pair Programming,I need a partner,bring the whole team in on this
2024-05-22 09:26:31,237,Webage,this is exhausting,schedule a meeting to discuss
2024-05-22 09:26:30,238,Data Science,provide the answer,this is unrelated
2024-05-22 09:26:29,239,Personal Insurance,hit the ground running,this is unrelated
2024-05-22 09:26:28,240,Sprint Planning,it is what it is,why is this required
2024-05-22 09:26:27,241,Sprint Planning,I need a partner,good idea
2024-05-22 09:26:26,242,MERN,I am running out of ideas,why is this required
2024-05-22 09:26:25,243,NPM,that being said,bring the whole team in on this
2024-05-22 09:26:24,244,Snowflake,get the ball rolling,due by end of day
2024-05-22 09:26:23,245,Risk Control,this is hard,include me in the meeting
2024-05-22 09:26:22,246,Claim,bang for your buck,schedule a meeting to discuss
2024-05-22 09:26:21,247,Data Science,this is hard,we will present this
2024-05-22 09:26:20,248,Pair Programming,provide the answer,that will not work
2024-05-22 09:26:19,249,NPM,interesting,happy to help
2024-05-22 09:26:18,250,MERN,that makes sense,due by end of day
2024-05-22 09:26:17,251,Guided Project,at the end of the day,that will not work
2024-05-22 09:26:16,252,Data Engineering,this is hard,happy to help
2024-05-22 09:26:15,253,Personal Insurance,it is what it is,this makes no sense
2024-05-22 09:26:14,254,TDD,as per my last post,good idea
2024-05-22 09:26:13,255,Git,this is hard,we will present this
2024-05-22 09:26:12,256,App Development,I do not know what to write,please forward the document
2024-05-22 09:26:11,257,Jenkins,that being said,this is unrelated
2024-05-22 09:26:10,258,Snowflake,morning meeting,I do not know
2024-05-22 09:26:09,259,Python,amazing,bring the whole team in on this
2024-05-22 09:26:08,260,Snowflake,morning meeting,please forward the document
2024-05-22 09:26:07,261,MERN,I am running out of ideas,due by end of day
2024-05-22 09:26:06,262,Bond & Specialty Insurance,this is exhausting,that will not work
2024-05-22 09:26:05,263,SME,at the end of the day,due by end of day
2024-05-22 09:26:04,264,Claim,I do not know what to write,schedule a meeting to discuss
2024-05-22 09:26:03,265,App Development,we will circle back,schedule a meeting to discuss
2024-05-22 09:26:02,266,DevOps,get the ball rolling, 
2024-05-22 09:26:01,267,Git,amazing,this makes no sense
2024-05-22 09:26:00,268,Bond & Specialty Insurance,irregardless,I do not know
2024-05-22 09:25:59,269,Knowledge Assessment,bang for your buck,please forward the document
2024-05-22 09:25:58,270,Risk Control,this is exhausting,good idea
2024-05-22 09:25:57,271,JavaScript,morning meeting,due by end of day
2024-05-22 09:25:56,272,Python,we will circle back,this is unrelated
2024-05-22 09:25:55,273,Claim,it is what it is,good idea
2024-05-22 09:25:54,274,Data Engineering,that makes sense,I do not know
2024-05-22 09:25:53,275,TDD,bang for your buck,happy to help
2024-05-22 09:25:52,276,Bond & Specialty Insurance,absolutely,that will not work
2024-05-22 09:25:51,277,SME,bang for your buck,that will not work
2024-05-22 09:25:50,278,Bond & Specialty Insurance,thanks for the help,why is this required
2024-05-22 09:25:49,279,Jenkins,morning meeting,due by end of day
2024-05-22 09:25:48,280,JavaScript,think outside the box,due by end of day
2024-05-22 09:25:47,281,Webage,moving forward,please forward the document
2024-05-22 09:25:46,282,Knowledge Assessment,I do not know what to write,due by end of day
2024-05-22 09:25:45,283,Guided Project,I am running out of ideas,we will present this
2024-05-22 09:25:44,284,MERN,amazing,I do not know
2024-05-22 09:25:43,285,Claim,amazing,happy to help
2024-05-22 09:25:42,286,Webage,I am running out of ideas,happy to help
2024-05-22 09:25:41,287,Knowledge Assessment,a no-brainer,why is this required
2024-05-22 09:25:40,288,Jenkins,provide the answer,we will present this
2024-05-22 09:25:39,289,Git,we will circle back,happy to help
2024-05-22 09:25:38,290,Webage,at the end of the day,bring the whole team in on this
2024-05-22 09:25:37,291,NPM,we will circle back,we will present this
2024-05-22 09:25:36,292,Guided Project,bang for your buck,due by end of day
2024-05-22 09:25:35,293,JavaScript,sorry to bother you, 
2024-05-22 09:25:34,294,Bond & Specialty Insurance,moving forward,why is this required
2024-05-22 09:25:33,295,Claim,bang for your buck,good idea
2024-05-22 09:25:32,296,Risk Control,bang for your buck,this is unrelated
2024-05-22 09:25:31,297,SME,as per my last post,we will present this
2024-05-22 09:25:30,298,Cloud,I am running out of ideas,bring the whole team in on this
2024-05-22 09:25:29,299,App Development,interesting,include me in the meeting
2024-05-22 09:25:28,300,JavaScript,at the end of the day,this makes no sense
2024-05-22 09:25:27,301,Python,interesting,bring the whole team in on this
2024-05-22 09:25:26,302,Jenkins,irregardless, 
2024-05-22 09:25:25,303,DevOps,hit the ground running,that will not work
2024-05-22 09:25:24,304,Data Engineering,at the end of the day,due by end of day
2024-05-22 09:25:23,305,Snowflake,on the same page,this makes no sense
2024-05-22 09:25:22,306,Data Engineering,thanks for the help,bring the whole team in on this
2024-05-22 09:25:21,307,Webage,moving forward,good idea
2024-05-22 09:25:20,308,Snowflake,amazing,please forward the document
2024-05-22 09:25:19,309,Business Insurance,I do not know what to write,this is unrelated
2024-05-22 09:25:18,310,Git,at the end of the day,schedule a meeting to discuss
2024-05-22 09:25:17,311,App Development,interesting, 
2024-05-22 09:25:16,312,PostgresSQL,bang for your buck,this makes no sense
2024-05-22 09:25:15,313,JavaScript,moving forward,due by end of day
2024-05-22 09:25:14,314,Business Insurance,on the same page,please forward the document
2024-05-22 09:25:13,315,App Development,this is hard,happy to help
2024-05-22 09:25:12,316,Capstone,as per my last post,this is unrelated
2024-05-22 09:25:11,317,NPM,this is hard,that will not work
2024-05-22 09:25:10,318,Guided Project,as per my last post,happy to help
2024-05-22 09:25:09,319,PostgresSQL,thanks for the help,please forward the document
2024-05-22 09:25:08,320,TDD,get the ball rolling,include me in the meeting
2024-05-22 09:25:07,321,Data Engineering,that being said,bring the whole team in on this
2024-05-22 09:25:06,322,App Development,out of left field,due by end of day
2024-05-22 09:25:05,323,Snowflake,absolutely,please forward the document
2024-05-22 09:25:04,324,SME,that being said,this makes no sense
2024-05-22 09:25:03,325,Guided Project,amazing,schedule a meeting to discuss
2024-05-22 09:25:02,326,Data Science,we will circle back,we will present this
2024-05-22 09:25:01,327,Business Insurance,bang for your buck,this is unrelated
2024-05-22 09:25:00,328,Cloud,that being said,this is unrelated
2024-05-22 09:24:59,329,SME,think outside the box,why is this required
2024-05-22 09:24:58,330,TDD,on the same page,that will not work
2024-05-22 09:24:57,331,JavaScript,I am running out of ideas,this makes no sense
2024-05-22 09:24:56,332,Jenkins,we will circle back,I do not know
2024-05-22 09:24:55,333,Webage,I do not know what to write,we will present this
2024-05-22 09:24:54,334,Risk Control,this is exhausting,schedule a meeting to discuss
2024-05-22 09:24:53,335,Claim,sorry to bother you,include me in the meeting
2024-05-22 09:24:52,336,DevOps,get the ball rolling,bring the whole team in on this
2024-05-22 09:24:51,337,PostgresSQL,think outside the box,schedule a meeting to discuss
2024-05-22 09:24:50,338,React,sorry to bother you, 
2024-05-22 09:24:49,339,Risk Control,interesting,good idea
2024-05-22 09:24:48,340,Business Insurance,absolutely,that will not work
2024-05-22 09:24:47,341,TDD,on the same page,schedule a meeting to discuss
2024-05-22 09:24:46,342,SME,this is hard,include me in the meeting
2024-05-22 09:24:45,343,Sprint Planning,at the end of the day,why is this required
2024-05-22 09:24:44,344,MERN,that being said,I do not know
2024-05-22 09:24:43,345,PostgresSQL,get the ball rolling,why is this required
2024-05-22 09:24:42,346,Bond & Specialty Insurance,bang for your buck,that will not work
2024-05-22 09:24:41,347,Personal Insurance,a no-brainer,schedule a meeting to discuss
2024-05-22 09:24:40,348,App Development,we will circle back,happy to help
2024-05-22 09:24:39,349,Capstone,out of left field,please forward the document
2024-05-22 09:24:38,350,Pair Programming,I do not know what to write,due by end of day
2024-05-22 09:24:37,351,Business Insurance,I need a partner,this makes no sense
2024-05-22 09:24:36,352,Personal Insurance,thanks for the help, 
2024-05-22 09:24:35,353,Python,as per my last post,happy to help
2024-05-22 09:24:34,354,Jenkins,I need a partner,please forward the document
2024-05-22 09:24:33,355,SME,think outside the box,bring the whole team in on this
2024-05-22 09:24:32,356,PostgresSQL,amazing,bring the whole team in on this
2024-05-22 09:24:31,357,Git,a no-brainer, 
2024-05-22 09:24:30,358,Business Insurance,amazing,this makes no sense
2024-05-22 09:24:29,359,Claim,thanks for the help,this is unrelated
2024-05-22 09:24:28,360,NPM,I need a partner,why is this required
2024-05-22 09:24:27,361,Capstone,no worries,bring the whole team in on this
2024-05-22 09:24:26,362,Guided Project,hit the ground running,happy to help
2024-05-22 09:24:25,363,Pair Programming,I am running out of ideas,this is unrelated
2024-05-22 09:24:24,364,MERN,that makes sense,this makes no sense
2024-05-22 09:24:23,365,Cloud,hit the ground running,please forward the document
2024-05-22 09:24:22,366,Pair Programming,irregardless,include me in the meeting
2024-05-22 09:24:21,367,SME,as per my last post,due by end of day
2024-05-22 09:24:20,368,Jenkins,I do not know what to write,bring the whole team in on this
2024-05-22 09:24:19,369,App Development,hit the ground running,schedule a meeting to discuss
2024-05-22 09:24:18,370,Personal Insurance,I am running out of ideas,we will present this
2024-05-22 09:24:17,371,Sprint Planning,get the ball rolling,this is unrelated
2024-05-22 09:24:16,372,JavaScript,irregardless,bring the whole team in on this
2024-05-22 09:24:15,373,Data Engineering,thanks for the help,due by end of day
2024-05-22 09:24:14,374,Claim,as per my last post,happy to help
2024-05-22 09:24:13,375,DevOps,moving forward,good idea
2024-05-22 09:24:12,376,Jenkins,as per my last post,schedule a meeting to discuss
2024-05-22 09:24:11,377,Pair Programming,no worries,due by end of day
2024-05-22 09:24:10,378,Bond & Specialty Insurance,we will circle back,include me in the meeting
2024-05-22 09:24:09,379,Pair Programming,moving forward,why is this required
2024-05-22 09:24:08,380,Webage,I am running out of ideas,schedule a meeting to discuss
2024-05-22 09:24:07,381,Capstone,it is what it is,schedule a meeting to discuss
2024-05-22 09:24:06,382,Guided Project,at the end of the day,I do not know
2024-05-22 09:24:05,383,Sprint Planning,at the end of the day,good idea
2024-05-22 09:24:04,384,SME,provide the answer,happy to help
2024-05-22 09:24:03,385,Capstone,think outside the box, 
2024-05-22 09:24:02,386,NPM,amazing,I do not know
2024-05-22 09:24:01,387,Data Engineering,morning meeting,due by end of day
2024-05-22 09:24:00,388,MERN,I am running out of ideas,this makes no sense
2024-05-22 09:23:59,389,Pair Programming,at the end of the day,I do not know
2024-05-22 09:23:58,390,TDD,that being said,this is unrelated
2024-05-22 09:23:57,391,Guided Project,amazing, 
2024-05-22 09:23:56,392,DevOps,this is exhausting,bring the whole team in on this
2024-05-22 09:23:55,393,Risk Control,as per my last post,that will not work
2024-05-22 09:23:54,394,Data Science,at the end of the day,I do not know
2024-05-22 09:23:53,395,React,as per my last post,good idea
2024-05-22 09:23:52,396,Pair Programming,that being said,that will not work
2024-05-22 09:23:51,397,Git,that being said,please forward the document
2024-05-22 09:23:50,398,Webage,I am running out of ideas,why is this required
2024-05-22 09:23:49,399,Webage,no worries,good idea
2024-05-22 09:23:48,400,PostgresSQL,morning meeting,good idea
2024-05-22 09:23:47,401,Sprint Planning,as per my last post,why is this required
2024-05-22 09:23:46,402,Personal Insurance,moving forward,good idea
2024-05-22 09:23:45,403,Python,interesting,due by end of day
2024-05-22 09:23:44,404,DevOps,no worries,good idea
2024-05-22 09:23:43,405,Sprint Planning,out of left field,due by end of day
2024-05-22 09:23:42,406,Sprint Planning,no worries,due by end of day
2024-05-22 09:23:41,407,Knowledge Assessment,morning meeting,good idea
2024-05-22 09:23:40,408,JavaScript,moving forward,schedule a meeting to discuss
2024-05-22 09:23:39,409,Knowledge Assessment,amazing,bring the whole team in on this
2024-05-22 09:23:38,410,Cloud,this is exhausting,we will present this
2024-05-22 09:23:37,411,Knowledge Assessment,I need a partner,that will not work
2024-05-22 09:23:36,412,React,it is what it is,bring the whole team in on this
2024-05-22 09:23:35,413,Guided Project,a no-brainer,schedule a meeting to discuss
2024-05-22 09:23:34,414,Knowledge Assessment,irregardless,this makes no sense
2024-05-22 09:23:33,415,Guided Project,at the end of the day,this makes no sense
2024-05-22 09:23:32,416,Claim,out of left field,that will not work
2024-05-22 09:23:31,417,Risk Control,get the ball rolling,why is this required
2024-05-22 09:23:30,418,NPM,out of left field,why is this required
2024-05-22 09:23:29,419,Claim,no worries,happy to help
2024-05-22 09:23:28,420,App Development,irregardless,include me in the meeting
2024-05-22 09:23:27,421,React,that makes sense,I do not know
2024-05-22 09:23:26,422,App Development,provide the answer,include me in the meeting
2024-05-22 09:23:25,423,Git,moving forward, 
2024-05-22 09:23:24,424,Risk Control,hit the ground running,due by end of day
2024-05-22 09:23:23,425,Guided Project,a no-brainer,happy to help
2024-05-22 09:23:22,426,MERN,absolutely,good idea
2024-05-22 09:23:21,427,Python,irregardless,we will present this
2024-05-22 09:23:20,428,Webage,provide the answer,good idea
2024-05-22 09:23:19,429,Knowledge Assessment,morning meeting,happy to help
2024-05-22 09:23:18,430,Pair Programming,I am running out of ideas,I do not know
2024-05-22 09:23:17,431,DevOps,I am running out of ideas,I do not know
2024-05-22 09:23:16,432,Bond & Specialty Insurance,irregardless,include me in the meeting
2024-05-22 09:23:15,433,Data Science,we will circle back,please forward the document
2024-05-22 09:23:14,434,Pair Programming,amazing,why is this required
2024-05-22 09:23:13,435,Git,on the same page,this is unrelated
2024-05-22 09:23:12,436,Pair Programming,thanks for the help,why is this required
2024-05-22 09:23:11,437,Sprint Planning,that makes sense,happy to help
2024-05-22 09:23:10,438,Risk Control,get the ball rolling,why is this required
2024-05-22 09:23:09,439,TDD,moving forward,good idea
2024-05-22 09:23:08,440,Capstone,sorry to bother you,good idea
2024-05-22 09:23:07,441,TDD,I need a partner, 
2024-05-22 09:23:06,442,Python,bang for your buck,that will not work
2024-05-22 09:23:05,443,Business Insurance,out of left field,due by end of day
2024-05-22 09:23:04,444,SME,think outside the box,due by end of day
2024-05-22 09:23:03,445,Sprint Planning,we will circle back,that will not work
2024-05-22 09:23:02,446,Jenkins,I do not know what to write,bring the whole team in on this
2024-05-22 09:23:01,447,Data Engineering,this is exhausting,that will not work
2024-05-22 09:23:00,448,Claim,sorry to bother you,I do not know
2024-05-22 09:22:59,449,JavaScript,that being said,good idea
2024-05-22 09:22:58,450,TDD,that being said,I do not know
2024-05-22 09:22:57,451,Data Science,I need a partner,this is unrelated
2024-05-22 09:22:56,452,SME,interesting,include me in the meeting
2024-05-22 09:22:55,453,Risk Control,bang for your buck,good idea
2024-05-22 09:22:54,454,Guided Project,I need a partner,why is this required
2024-05-22 09:22:53,455,MERN,at the end of the day,why is this required
2024-05-22 09:22:52,456,Claim,bang for your buck,good idea
2024-05-22 09:22:51,457,TDD,out of left field,please forward the document
2024-05-22 09:22:50,458,TDD,a no-brainer,schedule a meeting to discuss
2024-05-22 09:22:49,459,Webage,get the ball rolling,good idea
2024-05-22 09:22:48,460,Snowflake,get the ball rolling,happy to help
2024-05-22 09:22:47,461,PostgresSQL,that makes sense,we will present this
2024-05-22 09:22:46,462,Capstone,I do not know what to write,we will present this
2024-05-22 09:22:45,463,Git,this is hard,please forward the document
2024-05-22 09:22:44,464,Risk Control,that makes sense,I do not know
2024-05-22 09:22:43,465,Bond & Specialty Insurance,that makes sense,good idea
2024-05-22 09:22:42,466,Capstone,morning meeting,happy to help
2024-05-22 09:22:41,467,Jenkins,that makes sense,schedule a meeting to discuss
2024-05-22 09:22:40,468,Knowledge Assessment,sorry to bother you,I do not know
2024-05-22 09:22:39,469,Data Engineering,this is hard,I do not know
2024-05-22 09:22:38,470,Guided Project,a no-brainer,bring the whole team in on this
2024-05-22 09:22:37,471,Jenkins,moving forward,happy to help
2024-05-22 09:22:36,472,Personal Insurance,we will circle back,include me in the meeting
2024-05-22 09:22:35,473,Snowflake,interesting,include me in the meeting
2024-05-22 09:22:34,474,PostgresSQL,morning meeting,why is this required
2024-05-22 09:22:33,475,PostgresSQL,absolutely, 
2024-05-22 09:22:32,476,MERN,thanks for the help,why is this required
2024-05-22 09:22:31,477,NPM,out of left field,good idea
2024-05-22 09:22:30,478,Data Science,out of left field,bring the whole team in on this
2024-05-22 09:22:29,479,Jenkins,we will circle back,happy to help
2024-05-22 09:22:28,480,Knowledge Assessment,thanks for the help,that will not work
2024-05-22 09:22:27,481,Knowledge Assessment,morning meeting,happy to help
2024-05-22 09:22:26,482,Guided Project,I need a partner, 
2024-05-22 09:22:25,483,Guided Project,a no-brainer,schedule a meeting to discuss
2024-05-22 09:22:24,484,Cloud,interesting,please forward the document
2024-05-22 09:22:23,485,Pair Programming,think outside the box,this is unrelated
2024-05-22 09:22:22,486,Data Engineering,irregardless,I do not know
2024-05-22 09:22:21,487,NPM,irregardless,good idea
2024-05-22 09:22:20,488,Business Insurance,think outside the box,happy to help
2024-05-22 09:22:19,489,MERN,provide the answer,we will present this
2024-05-22 09:22:18,490,Capstone,interesting,we will present this
2024-05-22 09:22:17,491,App Development,think outside the box,include me in the meeting
2024-05-22 09:22:16,492,Data Science,amazing,I do not know
2024-05-22 09:22:15,493,Webage,provide the answer,we will present this
2024-05-22 09:22:14,494,Knowledge Assessment,provide the answer,I do not know
2024-05-22 09:22:13,495,Pair Programming,that being said,include me in the meeting
2024-05-22 09:22:12,496,MERN,absolutely,I do not know
2024-05-22 09:22:11,497,SME,we will circle back,bring the whole team in on this
2024-05-22 09:22:10,498,Jenkins,it is what it is,happy to help
2024-05-22 09:22:09,499,Snowflake,that makes sense,please forward the document
2024-05-22 09:22:08,500,NPM,amazing,bring the whole team in on this
2024-05-22 09:22:07,501,TDD,provide the answer, 
2024-05-22 09:22:06,502,Webage,bang for your buck,this makes no sense
2024-05-22 09:22:05,503,Sprint Planning,irregardless,due by end of day
2024-05-22 09:22:04,504,App Development,that being said,please forward the document
2024-05-22 09:22:03,505,Guided Project,a no-brainer,I do not know
2024-05-22 09:22:02,506,Pair Programming,interesting,this is unrelated
2024-05-22 09:22:01,507,App Development,no worries,bring the whole team in on this
2024-05-22 09:22:00,508,Guided Project,I do not know what to write,bring the whole team in on this
2024-05-22 09:21:59,509,Guided Project,irregardless,why is this required
2024-05-22 09:21:58,510,Business Insurance,moving forward,we will present this
2024-05-22 09:21:57,511,TDD,irregardless,this is unrelated
2024-05-22 09:21:56,512,Risk Control,irregardless,why is this required
2024-05-22 09:21:55,513,TDD,morning meeting,good idea
2024-05-22 09:21:54,514,DevOps,get the ball rolling,include me in the meeting
2024-05-22 09:21:53,515,Sprint Planning,as per my last post,this is unrelated
2024-05-22 09:21:52,516,Guided Project,amazing,due by end of day
2024-05-22 09:21:51,517,MERN,sorry to bother you,due by end of day
2024-05-22 09:21:50,518,NPM,get the ball rolling, 
2024-05-22 09:21:49,519,NPM,no worries,this is unrelated
2024-05-22 09:21:48,520,Data Science,interesting, 
2024-05-22 09:21:47,521,Personal Insurance,I am running out of ideas,schedule a meeting to discuss
2024-05-22 09:21:46,522,JavaScript,I do not know what to write,please forward the document
2024-05-22 09:21:45,523,SME,I need a partner,good idea
2024-05-22 09:21:44,524,Business Insurance,that makes sense,due by end of day
2024-05-22 09:21:43,525,Knowledge Assessment,that makes sense,please forward the document
2024-05-22 09:21:42,526,Jenkins,we will circle back,please forward the document
2024-05-22 09:21:41,527,NPM,no worries,happy to help
2024-05-22 09:21:40,528,Business Insurance,thanks for the help,schedule a meeting to discuss
2024-05-22 09:21:39,529,Personal Insurance,a no-brainer,this makes no sense
2024-05-22 09:21:38,530,Webage,no worries,due by end of day
2024-05-22 09:21:37,531,Claim,on the same page,I do not know
2024-05-22 09:21:36,532,Bond & Specialty Insurance,absolutely,that will not work
2024-05-22 09:21:35,533,Cloud,this is exhausting,this makes no sense
2024-05-22 09:21:34,534,MERN,bang for your buck,include me in the meeting
2024-05-22 09:21:33,535,Jenkins,provide the answer,why is this required
2024-05-22 09:21:32,536,Risk Control,that being said,that will not work
2024-05-22 09:21:31,537,Jenkins,hit the ground running,that will not work
2024-05-22 09:21:30,538,JavaScript,that being said, 
2024-05-22 09:21:29,539,Snowflake,provide the answer,include me in the meeting
2024-05-22 09:21:28,540,Webage,amazing,bring the whole team in on this
2024-05-22 09:21:27,541,Cloud,irregardless,I do not know
2024-05-22 09:21:26,542,Git,I am running out of ideas,we will present this
2024-05-22 09:21:25,543,Snowflake,this is hard, 
2024-05-22 09:21:24,544,Python,as per my last post,schedule a meeting to discuss
2024-05-22 09:21:23,545,Capstone,out of left field,happy to help
2024-05-22 09:21:22,546,Risk Control,on the same page,we will present this
2024-05-22 09:21:21,547,Personal Insurance,a no-brainer,that will not work
2024-05-22 09:21:20,548,Data Engineering,out of left field,bring the whole team in on this
2024-05-22 09:21:19,549,Python,at the end of the day,include me in the meeting
2024-05-22 09:21:18,550,Data Engineering,out of left field,that will not work
2024-05-22 09:21:17,551,Cloud,I need a partner,happy to help
2024-05-22 09:21:16,552,NPM,hit the ground running,we will present this
2024-05-22 09:21:15,553,Snowflake,I am running out of ideas,bring the whole team in on this
2024-05-22 09:21:14,554,Sprint Planning,it is what it is,this makes no sense
2024-05-22 09:21:13,555,NPM,absolutely,why is this required
2024-05-22 09:21:12,556,Git,it is what it is,please forward the document
2024-05-22 09:21:11,557,Sprint Planning,morning meeting,include me in the meeting
2024-05-22 09:21:10,558,NPM,at the end of the day, 
2024-05-22 09:21:09,559,Sprint Planning,thanks for the help,schedule a meeting to discuss
2024-05-22 09:21:08,560,MERN,on the same page, 
2024-05-22 09:21:07,561,React,at the end of the day,please forward the document
2024-05-22 09:21:06,562,Cloud,I am running out of ideas,this is unrelated
2024-05-22 09:21:05,563,Capstone,as per my last post,we will present this
2024-05-22 09:21:04,564,Claim,we will circle back,please forward the document
2024-05-22 09:21:03,565,Guided Project,absolutely,include me in the meeting
2024-05-22 09:21:02,566,PostgresSQL,a no-brainer,good idea
2024-05-22 09:21:01,567,React,that makes sense,please forward the document
2024-05-22 09:21:00,568,Sprint Planning,I do not know what to write,this makes no sense
2024-05-22 09:20:59,569,Snowflake,provide the answer,please forward the document
2024-05-22 09:20:58,570,Bond & Specialty Insurance,interesting,happy to help
2024-05-22 09:20:57,571,Python,irregardless,this makes no sense
2024-05-22 09:20:56,572,Claim,moving forward,why is this required
2024-05-22 09:20:55,573,Pair Programming,as per my last post,due by end of day
2024-05-22 09:20:54,574,MERN,it is what it is,due by end of day
2024-05-22 09:20:53,575,React,out of left field,this makes no sense
2024-05-22 09:20:52,576,NPM,on the same page,why is this required
2024-05-22 09:20:51,577,React,provide the answer, 
2024-05-22 09:20:50,578,PostgresSQL,thanks for the help,why is this required
2024-05-22 09:20:49,579,TDD,that makes sense,please forward the document
2024-05-22 09:20:48,580,Data Engineering,hit the ground running,I do not know
2024-05-22 09:20:47,581,Personal Insurance,sorry to bother you,we will present this
2024-05-22 09:20:46,582,Personal Insurance,sorry to bother you,why is this required
2024-05-22 09:20:45,583,Personal Insurance,this is exhausting,this is unrelated
2024-05-22 09:20:44,584,Data Science,thanks for the help,we will present this
2024-05-22 09:20:43,585,Pair Programming,irregardless,include me in the meeting
2024-05-22 09:20:42,586,Data Engineering,no worries,this is unrelated
2024-05-22 09:20:41,587,Cloud,I need a partner,good idea
2024-05-22 09:20:40,588,TDD,that being said,include me in the meeting
2024-05-22 09:20:39,589,React,absolutely,happy to help
2024-05-22 09:20:38,590,Risk Control,on the same page, 
2024-05-22 09:20:37,591,Git,morning meeting,happy to help
2024-05-22 09:20:36,592,React,irregardless,good idea
2024-05-22 09:20:35,593,Claim,bang for your buck,include me in the meeting
2024-05-22 09:20:34,594,Data Science,hit the ground running,this makes no sense
2024-05-22 09:20:33,595,Git,irregardless,I do not know
2024-05-22 09:20:32,596,Cloud,a no-brainer,this is unrelated
2024-05-22 09:20:31,597,Guided Project,interesting,good idea
2024-05-22 09:20:30,598,Data Engineering,it is what it is,this makes no sense
2024-05-22 09:20:29,599,Claim,amazing,I do not know
2024-05-22 09:20:28,600,Sprint Planning,no worries,include me in the meeting
2024-05-22 09:20:27,601,Git,no worries,due by end of day
2024-05-22 09:20:26,602,NPM,as per my last post,that will not work
2024-05-22 09:20:25,603,JavaScript,no worries,bring the whole team in on this
2024-05-22 09:20:24,604,SME,I do not know what to write,happy to help
2024-05-22 09:20:23,605,TDD,this is hard,due by end of day
2024-05-22 09:20:22,606,Personal Insurance,thanks for the help,schedule a meeting to discuss
2024-05-22 09:20:21,607,Data Science,out of left field,bring the whole team in on this
2024-05-22 09:20:20,608,Personal Insurance,think outside the box, 
2024-05-22 09:20:19,609,Cloud,bang for your buck, 
2024-05-22 09:20:18,610,PostgresSQL,morning meeting,please forward the document
2024-05-22 09:20:17,611,PostgresSQL,I need a partner,we will present this
2024-05-22 09:20:16,612,React,I need a partner,include me in the meeting
2024-05-22 09:20:15,613,Bond & Specialty Insurance,this is hard,this makes no sense
2024-05-22 09:20:14,614,MERN,think outside the box,happy to help
2024-05-22 09:20:13,615,SME,at the end of the day,this is unrelated
2024-05-22 09:20:12,616,Pair Programming,we will circle back,please forward the document
2024-05-22 09:20:11,617,Knowledge Assessment,interesting,include me in the meeting
2024-05-22 09:20:10,618,Guided Project,at the end of the day,why is this required
2024-05-22 09:20:09,619,DevOps,on the same page,good idea
2024-05-22 09:20:08,620,Guided Project,I do not know what to write,schedule a meeting to discuss
2024-05-22 09:20:07,621,App Development,absolutely,that will not work
2024-05-22 09:20:06,622,SME,on the same page,we will present this
2024-05-22 09:20:05,623,PostgresSQL,I do not know what to write, 
2024-05-22 09:20:04,624,Cloud,hit the ground running,schedule a meeting to discuss
2024-05-22 09:20:03,625,Claim,this is exhausting,I do not know
2024-05-22 09:20:02,626,PostgresSQL,I am running out of ideas,due by end of day
2024-05-22 09:20:01,627,Jenkins,it is what it is, 
2024-05-22 09:20:00,628,Data Science,sorry to bother you,that will not work
2024-05-22 09:19:59,629,Business Insurance,hit the ground running,we will present this
2024-05-22 09:19:58,630,Capstone,I need a partner,please forward the document
2024-05-22 09:19:57,631,Data Science,this is hard,this is unrelated
2024-05-22 09:19:56,632,NPM,we will circle back,happy to help
2024-05-22 09:19:55,633,Risk Control,I need a partner,bring the whole team in on this
2024-05-22 09:19:54,634,Snowflake,no worries,please forward the document
2024-05-22 09:19:53,635,Risk Control,morning meeting,due by end of day
2024-05-22 09:19:52,636,Business Insurance,irregardless,happy to help
2024-05-22 09:19:51,637,App Development,this is hard,due by end of day
2024-05-22 09:19:50,638,Data Science,no worries,include me in the meeting
2024-05-22 09:19:49,639,React,bang for your buck,due by end of day
2024-05-22 09:19:48,640,Risk Control,sorry to bother you,we will present this
2024-05-22 09:19:47,641,Sprint Planning,get the ball rolling,why is this required
2024-05-22 09:19:46,642,React,bang for your buck,I do not know
2024-05-22 09:19:45,643,Jenkins,morning meeting,due by end of day
2024-05-22 09:19:44,644,Sprint Planning,it is what it is,I do not know
2024-05-22 09:19:43,645,Sprint Planning,that being said, 
2024-05-22 09:19:42,646,TDD,it is what it is,please forward the document
2024-05-22 09:19:41,647,Git,I do not know what to write,bring the whole team in on this
2024-05-22 09:19:40,648,Sprint Planning,irregardless,that will not work
2024-05-22 09:19:39,649,Data Engineering,we will circle back,schedule a meeting to discuss
2024-05-22 09:19:38,650,Sprint Planning,think outside the box,this is unrelated
2024-05-22 09:19:37,651,Sprint Planning,a no-brainer, 
2024-05-22 09:19:36,652,Webage,out of left field,happy to help
2024-05-22 09:19:35,653,Business Insurance,as per my last post,this is unrelated
2024-05-22 09:19:34,654,Pair Programming,amazing,this is unrelated
2024-05-22 09:19:33,655,Pair Programming,provide the answer,I do not know
2024-05-22 09:19:32,656,Bond & Specialty Insurance,bang for your buck,include me in the meeting
2024-05-22 09:19:31,657,App Development,as per my last post,schedule a meeting to discuss
2024-05-22 09:19:30,658,Python,get the ball rolling,good idea
2024-05-22 09:19:29,659,TDD,think outside the box,I do not know
2024-05-22 09:19:28,660,Capstone,sorry to bother you,please forward the document
2024-05-22 09:19:27,661,Personal Insurance,sorry to bother you,due by end of day
2024-05-22 09:19:26,662,Business Insurance,that being said,I do not know
2024-05-22 09:19:25,663,Git,a no-brainer,schedule a meeting to discuss
2024-05-22 09:19:24,664,TDD,as per my last post,bring the whole team in on this
2024-05-22 09:19:23,665,Python,as per my last post,include me in the meeting
2024-05-22 09:19:22,666,Data Engineering,amazing,this is unrelated
2024-05-22 09:19:21,667,Webage,morning meeting,this makes no sense
2024-05-22 09:19:20,668,Data Engineering,morning meeting,include me in the meeting
2024-05-22 09:19:19,669,Personal Insurance,that makes sense,happy to help
2024-05-22 09:19:18,670,Git,at the end of the day,this is unrelated
2024-05-22 09:19:17,671,Data Science,amazing,good idea
2024-05-22 09:19:16,672,Capstone,think outside the box,we will present this
2024-05-22 09:19:15,673,Sprint Planning,hit the ground running,schedule a meeting to discuss
2024-05-22 09:19:14,674,PostgresSQL,that being said,why is this required
2024-05-22 09:19:13,675,Claim,bang for your buck,this makes no sense
2024-05-22 09:19:12,676,Risk Control,it is what it is,why is this required
2024-05-22 09:19:11,677,Pair Programming,thanks for the help,please forward the document
2024-05-22 09:19:10,678,JavaScript,irregardless,bring the whole team in on this
2024-05-22 09:19:09,679,Capstone,it is what it is, 
2024-05-22 09:19:08,680,Jenkins,we will circle back,please forward the document
2024-05-22 09:19:07,681,React,I do not know what to write,include me in the meeting
2024-05-22 09:19:06,682,Personal Insurance,bang for your buck,I do not know
2024-05-22 09:19:05,683,SME,that being said,why is this required
2024-05-22 09:19:04,684,Data Science,this is exhausting,this is unrelated
2024-05-22 09:19:03,685,Risk Control,out of left field,I do not know
2024-05-22 09:19:02,686,Cloud,no worries,please forward the document
2024-05-22 09:19:01,687,Knowledge Assessment,out of left field, 
2024-05-22 09:19:00,688,TDD,this is hard,I do not know
2024-05-22 09:18:59,689,Capstone,out of left field,include me in the meeting
2024-05-22 09:18:58,690,Guided Project,I do not know what to write,this makes no sense
2024-05-22 09:18:57,691,Git,bang for your buck,bring the whole team in on this
2024-05-22 09:18:56,692,Data Science,I do not know what to write,please forward the document
2024-05-22 09:18:55,693,Git,this is exhausting,include me in the meeting
2024-05-22 09:18:54,694,Knowledge Assessment,out of left field,due by end of day
2024-05-22 09:18:53,695,MERN,on the same page, 
2024-05-22 09:18:52,696,Personal Insurance,on the same page,why is this required
2024-05-22 09:18:51,697,Risk Control,on the same page,due by end of day
2024-05-22 09:18:50,698,Business Insurance,morning meeting,good idea
2024-05-22 09:18:49,699,Bond & Specialty Insurance,hit the ground running,we will present this
2024-05-22 09:18:48,700,Knowledge Assessment,provide the answer,I do not know
2024-05-22 09:18:47,701,Cloud,that makes sense,please forward the document
2024-05-22 09:18:46,702,TDD,absolutely, 
2024-05-22 09:18:45,703,NPM,irregardless,include me in the meeting
2024-05-22 09:18:44,704,Jenkins,absolutely,this makes no sense
2024-05-22 09:18:43,705,Capstone,as per my last post,this makes no sense
2024-05-22 09:18:42,706,Python,as per my last post,that will not work
2024-05-22 09:18:41,707,Bond & Specialty Insurance,moving forward,this is unrelated
2024-05-22 09:18:40,708,Guided Project,sorry to bother you,happy to help
2024-05-22 09:18:39,709,App Development,that being said,happy to help
2024-05-22 09:18:38,710,Claim,no worries,due by end of day
2024-05-22 09:18:37,711,Git,get the ball rolling,happy to help
2024-05-22 09:18:36,712,React,a no-brainer,due by end of day
2024-05-22 09:18:35,713,PostgresSQL,I am running out of ideas, 
2024-05-22 09:18:34,714,NPM,it is what it is,this is unrelated
2024-05-22 09:18:33,715,NPM,morning meeting,this makes no sense
2024-05-22 09:18:32,716,Jenkins,irregardless,I do not know
2024-05-22 09:18:31,717,Cloud,this is exhausting,due by end of day
2024-05-22 09:18:30,718,Snowflake,get the ball rolling,bring the whole team in on this
2024-05-22 09:18:29,719,MERN,out of left field,that will not work
2024-05-22 09:18:28,720,Guided Project,hit the ground running, 
2024-05-22 09:18:27,721,Cloud,sorry to bother you,this is unrelated
2024-05-22 09:18:26,722,Capstone,this is exhausting,bring the whole team in on this
2024-05-22 09:18:25,723,Git,provide the answer, 
2024-05-22 09:18:24,724,DevOps,this is exhausting,this makes no sense
2024-05-22 09:18:23,725,Guided Project,this is hard,due by end of day
2024-05-22 09:18:22,726,Knowledge Assessment,morning meeting,due by end of day
2024-05-22 09:18:21,727,Claim,that being said,please forward the document
2024-05-22 09:18:20,728,React,as per my last post, 
2024-05-22 09:18:19,729,PostgresSQL,irregardless,happy to help
2024-05-22 09:18:18,730,Bond & Specialty Insurance,that makes sense,bring the whole team in on this
2024-05-22 09:18:17,731,Claim,thanks for the help,include me in the meeting
2024-05-22 09:18:16,732,Risk Control,out of left field,schedule a meeting to discuss
2024-05-22 09:18:15,733,SME,this is hard,happy to help
2024-05-22 09:18:14,734,Python,amazing,good idea
2024-05-22 09:18:13,735,Business Insurance,a no-brainer, 
2024-05-22 09:18:12,736,TDD,as per my last post,I do not know
2024-05-22 09:18:11,737,PostgresSQL,that being said,this makes no sense
2024-05-22 09:18:10,738,Capstone,interesting,we will present this
2024-05-22 09:18:09,739,Pair Programming,I do not know what to write,I do not know
2024-05-22 09:18:08,740,Sprint Planning,think outside the box,schedule a meeting to discuss
2024-05-22 09:18:07,741,Personal Insurance,get the ball rolling,due by end of day
2024-05-22 09:18:06,742,JavaScript,that being said,include me in the meeting
2024-05-22 09:18:05,743,Pair Programming,amazing,please forward the document
2024-05-22 09:18:04,744,Git,no worries,we will present this
2024-05-22 09:18:03,745,Snowflake,we will circle back,good idea
2024-05-22 09:18:02,746,NPM,absolutely,include me in the meeting
2024-05-22 09:18:01,747,Pair Programming,think outside the box,good idea
2024-05-22 09:18:00,748,DevOps,I need a partner,good idea
2024-05-22 09:17:59,749,Pair Programming,I do not know what to write,I do not know
2024-05-22 09:17:58,750,Risk Control,we will circle back,this is unrelated
2024-05-22 09:17:57,751,React,this is exhausting,please forward the document
2024-05-22 09:17:56,752,Webage,we will circle back,due by end of day
2024-05-22 09:17:55,753,JavaScript,I need a partner,include me in the meeting
2024-05-22 09:17:54,754,Python,it is what it is,this makes no sense
2024-05-22 09:17:53,755,Python,that makes sense,schedule a meeting to discuss
2024-05-22 09:17:52,756,Guided Project,hit the ground running,include me in the meeting
2024-05-22 09:17:51,757,TDD,it is what it is,why is this required
2024-05-22 09:17:50,758,Business Insurance,as per my last post,this is unrelated
2024-05-22 09:17:49,759,Personal Insurance,moving forward,this makes no sense
2024-05-22 09:17:48,760,NPM,as per my last post,this is unrelated
2024-05-22 09:17:47,761,MERN,as per my last post,good idea
2024-05-22 09:17:46,762,Knowledge Assessment,moving forward,please forward the document
2024-05-22 09:17:45,763,Cloud,it is what it is,please forward the document
2024-05-22 09:17:44,764,Risk Control,bang for your buck,bring the whole team in on this
2024-05-22 09:17:43,765,Pair Programming,hit the ground running,that will not work
2024-05-22 09:17:42,766,NPM,that being said,I do not know
2024-05-22 09:17:41,767,Sprint Planning,that being said,schedule a meeting to discuss
2024-05-22 09:17:40,768,TDD,that being said,that will not work
2024-05-22 09:17:39,769,Pair Programming,I do not know what to write,bring the whole team in on this
2024-05-22 09:17:38,770,Cloud,out of left field,include me in the meeting
2024-05-22 09:17:37,771,Jenkins,that makes sense,good idea
2024-05-22 09:17:36,772,JavaScript,interesting,due by end of day
2024-05-22 09:17:35,773,Cloud,out of left field,this is unrelated
2024-05-22 09:17:34,774,Bond & Specialty Insurance,I am running out of ideas,this is unrelated
2024-05-22 09:17:33,775,Git,amazing,this makes no sense
2024-05-22 09:17:32,776,Claim,on the same page,please forward the document
2024-05-22 09:17:31,777,Sprint Planning,we will circle back,this is unrelated
2024-05-22 09:17:30,778,Webage,absolutely,please forward the document
2024-05-22 09:17:29,779,React,hit the ground running,bring the whole team in on this
2024-05-22 09:17:28,780,Snowflake,interesting,happy to help
2024-05-22 09:17:27,781,App Development,a no-brainer,schedule a meeting to discuss
2024-05-22 09:17:26,782,Sprint Planning,I need a partner,schedule a meeting to discuss
2024-05-22 09:17:25,783,Git,on the same page,please forward the document
2024-05-22 09:17:24,784,Knowledge Assessment,sorry to bother you,this makes no sense
2024-05-22 09:17:23,785,Python,thanks for the help,please forward the document
2024-05-22 09:17:22,786,TDD,absolutely,good idea
2024-05-22 09:17:21,787,Personal Insurance,no worries,this is unrelated
2024-05-22 09:17:20,788,Knowledge Assessment,at the end of the day, 
2024-05-22 09:17:20,789,Snowflake,that makes sense,schedule a meeting to discuss
2024-05-22 09:17:19,790,JavaScript,that makes sense,include me in the meeting
2024-05-22 09:17:18,791,Business Insurance,I do not know what to write,include me in the meeting
2024-05-22 09:17:17,792,Business Insurance,sorry to bother you,schedule a meeting to discuss
2024-05-22 09:17:16,793,Guided Project,on the same page,good idea
2024-05-22 09:17:15,794,JavaScript,provide the answer,why is this required
2024-05-22 09:17:14,795,Data Science,interesting, 
2024-05-22 09:17:13,796,Guided Project,as per my last post, 
2024-05-22 09:17:12,797,Pair Programming,a no-brainer,due by end of day
2024-05-22 09:17:11,798,Personal Insurance,sorry to bother you,due by end of day
2024-05-22 09:17:10,799,Guided Project,this is hard,good idea
2024-05-22 09:17:09,800,Webage,this is exhausting,this makes no sense
2024-05-22 09:17:08,801,Pair Programming,amazing,please forward the document
2024-05-22 09:17:07,802,Pair Programming,that being said,why is this required
2024-05-22 09:17:06,803,Git,no worries,include me in the meeting
2024-05-22 09:17:05,804,Personal Insurance,as per my last post,I do not know
2024-05-22 09:17:04,805,App Development,amazing,this makes no sense
2024-05-22 09:17:03,806,React,sorry to bother you,due by end of day
2024-05-22 09:17:02,807,Business Insurance,as per my last post, 
2024-05-22 09:17:01,808,React,this is exhausting,please forward the document
2024-05-22 09:17:00,809,Capstone,this is hard,please forward the document
2024-05-22 09:16:59,810,Cloud,morning meeting,this is unrelated
2024-05-22 09:16:58,811,Snowflake,bang for your buck, 
2024-05-22 09:16:57,812,App Development,thanks for the help,we will present this
2024-05-22 09:16:56,813,NPM,we will circle back,bring the whole team in on this
2024-05-22 09:16:55,814,Pair Programming,as per my last post,good idea
2024-05-22 09:16:54,815,Personal Insurance,that being said,this makes no sense
2024-05-22 09:16:53,816,Risk Control,hit the ground running,schedule a meeting to discuss
2024-05-22 09:16:52,817,Business Insurance,provide the answer,happy to help
2024-05-22 09:16:51,818,Jenkins,a no-brainer,I do not know
2024-05-22 09:16:50,819,Pair Programming,I need a partner,that will not work
2024-05-22 09:16:49,820,Business Insurance,hit the ground running,please forward the document
2024-05-22 09:16:48,821,Claim,that being said,good idea
2024-05-22 09:16:47,822,Python,I am running out of ideas,that will not work
2024-05-22 09:16:46,823,Jenkins,we will circle back,please forward the document
2024-05-22 09:16:45,824,MERN,this is hard,please forward the document
2024-05-22 09:16:44,825,Pair Programming,this is hard,I do not know
2024-05-22 09:16:43,826,Guided Project,at the end of the day,we will present this
2024-05-22 09:16:42,827,Jenkins,interesting,please forward the document
2024-05-22 09:16:41,828,SME,bang for your buck,bring the whole team in on this
2024-05-22 09:16:40,829,Sprint Planning,I need a partner,schedule a meeting to discuss
2024-05-22 09:16:39,830,Knowledge Assessment,thanks for the help, 
2024-05-22 09:16:38,831,Snowflake,interesting,we will present this
2024-05-22 09:16:37,832,Capstone,thanks for the help,please forward the document
2024-05-22 09:16:36,833,PostgresSQL,get the ball rolling,due by end of day
2024-05-22 09:16:35,834,NPM,provide the answer,bring the whole team in on this
2024-05-22 09:16:34,835,Snowflake,think outside the box,include me in the meeting
2024-05-22 09:16:33,836,Sprint Planning,morning meeting,include me in the meeting
2024-05-22 09:16:32,837,Webage,at the end of the day,that will not work
2024-05-22 09:16:31,838,Pair Programming,this is exhausting,that will not work
2024-05-22 09:16:30,839,SME,think outside the box,include me in the meeting
2024-05-22 09:16:29,840,Data Engineering,this is hard,that will not work
2024-05-22 09:16:28,841,Guided Project,bang for your buck,include me in the meeting
2024-05-22 09:16:27,842,PostgresSQL,this is exhausting,I do not know
2024-05-22 09:16:26,843,SME,bang for your buck,this is unrelated
2024-05-22 09:16:25,844,MERN,a no-brainer,we will present this
2024-05-22 09:16:24,845,Sprint Planning,out of left field,bring the whole team in on this
2024-05-22 09:16:23,846,Git,out of left field,schedule a meeting to discuss
2024-05-22 09:16:22,847,Data Science,I do not know what to write,schedule a meeting to discuss
2024-05-22 09:16:21,848,Data Science,interesting,please forward the document
2024-05-22 09:16:20,849,Personal Insurance,bang for your buck,I do not know
2024-05-22 09:16:19,850,Risk Control,I am running out of ideas,bring the whole team in on this
2024-05-22 09:16:18,851,Python,I am running out of ideas,due by end of day
2024-05-22 09:16:17,852,Claim,interesting,happy to help
2024-05-22 09:16:16,853,Data Engineering,as per my last post,I do not know
2024-05-22 09:16:15,854,Sprint Planning,it is what it is,good idea
2024-05-22 09:16:14,855,MERN,at the end of the day,bring the whole team in on this
2024-05-22 09:16:13,856,Business Insurance,on the same page,this is unrelated
2024-05-22 09:16:12,857,Business Insurance,no worries,include me in the meeting
2024-05-22 09:16:11,858,Knowledge Assessment,get the ball rolling,bring the whole team in on this
2024-05-22 09:16:10,859,DevOps,morning meeting,good idea
2024-05-22 09:16:09,860,App Development,get the ball rolling,this is unrelated
2024-05-22 09:16:08,861,Knowledge Assessment,hit the ground running,due by end of day
2024-05-22 09:16:07,862,Snowflake,that being said,why is this required
2024-05-22 09:16:06,863,Guided Project,get the ball rolling,bring the whole team in on this
2024-05-22 09:16:05,864,JavaScript,at the end of the day,good idea
2024-05-22 09:16:04,865,Risk Control,amazing,this makes no sense
2024-05-22 09:16:03,866,TDD,amazing, 
2024-05-22 09:16:02,867,Jenkins,I am running out of ideas,happy to help
2024-05-22 09:16:01,868,MERN,morning meeting,schedule a meeting to discuss
2024-05-22 09:16:00,869,Guided Project,think outside the box,good idea
2024-05-22 09:15:59,870,JavaScript,a no-brainer,schedule a meeting to discuss
2024-05-22 09:15:58,871,Jenkins,a no-brainer,include me in the meeting
2024-05-22 09:15:57,872,Capstone,we will circle back,we will present this
2024-05-22 09:15:56,873,Jenkins,morning meeting,this makes no sense
2024-05-22 09:15:55,874,MERN,we will circle back,include me in the meeting
2024-05-22 09:15:54,875,TDD,it is what it is, 
2024-05-22 09:15:53,876,NPM,this is hard, 
2024-05-22 09:15:52,877,React,I do not know what to write,due by end of day
2024-05-22 09:15:51,878,TDD,I need a partner,bring the whole team in on this
2024-05-22 09:15:50,879,Personal Insurance,morning meeting,please forward the document
2024-05-22 09:15:49,880,Bond & Specialty Insurance,provide the answer,schedule a meeting to discuss
2024-05-22 09:15:48,881,Guided Project,provide the answer,good idea
2024-05-22 09:15:47,882,TDD,it is what it is,I do not know
2024-05-22 09:15:46,883,Python,it is what it is,include me in the meeting
2024-05-22 09:15:45,884,SME,amazing,we will present this
2024-05-22 09:15:44,885,JavaScript,amazing,schedule a meeting to discuss
2024-05-22 09:15:43,886,Business Insurance,morning meeting,include me in the meeting
2024-05-22 09:15:42,887,NPM,irregardless,we will present this
2024-05-22 09:15:41,888,Data Science,hit the ground running, 
2024-05-22 09:15:40,889,Python,I do not know what to write,we will present this
2024-05-22 09:15:39,890,SME,thanks for the help,bring the whole team in on this
2024-05-22 09:15:38,891,DevOps,absolutely,include me in the meeting
2024-05-22 09:15:37,892,Claim,irregardless,happy to help
2024-05-22 09:15:36,893,SME,think outside the box,please forward the document
2024-05-22 09:15:35,894,App Development,I do not know what to write,we will present this
2024-05-22 09:15:34,895,PostgresSQL,that being said,this is unrelated
2024-05-22 09:15:33,896,Data Science,I need a partner,that will not work
2024-05-22 09:15:32,897,Bond & Specialty Insurance,hit the ground running,good idea
2024-05-22 09:15:31,898,Personal Insurance,this is exhausting, 
2024-05-22 09:15:30,899,Jenkins,moving forward,this makes no sense
2024-05-22 09:15:29,900,Capstone,at the end of the day,please forward the document
2024-05-22 09:15:28,901,JavaScript,hit the ground running,we will present this
2024-05-22 09:15:27,902,Git,hit the ground running,this is unrelated
2024-05-22 09:15:26,903,Capstone,no worries,this is unrelated
2024-05-22 09:15:25,904,Risk Control,moving forward,good idea
2024-05-22 09:15:24,905,TDD,a no-brainer,schedule a meeting to discuss
2024-05-22 09:15:23,906,Jenkins,we will circle back,bring the whole team in on this
2024-05-22 09:15:22,907,React,we will circle back,we will present this
2024-05-22 09:15:21,908,PostgresSQL,that makes sense,we will present this
2024-05-22 09:15:20,909,PostgresSQL,sorry to bother you,happy to help
2024-05-22 09:15:19,910,JavaScript,this is exhausting,happy to help
2024-05-22 09:15:18,911,Knowledge Assessment,amazing,good idea
2024-05-22 09:15:17,912,Claim,moving forward,this makes no sense
2024-05-22 09:15:16,913,App Development,amazing,we will present this
2024-05-22 09:15:15,914,Bond & Specialty Insurance,absolutely,this makes no sense
2024-05-22 09:15:14,915,Bond & Specialty Insurance,hit the ground running,good idea
2024-05-22 09:15:13,916,Capstone,I need a partner,we will present this
2024-05-22 09:15:12,917,Jenkins,absolutely,this makes no sense
2024-05-22 09:15:11,918,NPM,it is what it is, 
2024-05-22 09:15:10,919,App Development,as per my last post,why is this required
2024-05-22 09:15:09,920,DevOps,this is hard,I do not know
2024-05-22 09:15:08,921,Cloud,this is exhausting,due by end of day
2024-05-22 09:15:07,922,Cloud,I need a partner,this makes no sense
2024-05-22 09:15:06,923,Jenkins,at the end of the day,please forward the document
2024-05-22 09:15:05,924,Webage,as per my last post,we will present this
2024-05-22 09:15:04,925,Capstone,hit the ground running,bring the whole team in on this
2024-05-22 09:15:03,926,Capstone,a no-brainer,that will not work
2024-05-22 09:15:02,927,Git,that makes sense,we will present this
2024-05-22 09:15:01,928,React,this is hard,we will present this
2024-05-22 09:15:00,929,Business Insurance,it is what it is,schedule a meeting to discuss
2024-05-22 09:14:59,930,DevOps,I am running out of ideas,I do not know
2024-05-22 09:14:58,931,Personal Insurance,moving forward,good idea
2024-05-22 09:14:57,932,React,this is exhausting,bring the whole team in on this
2024-05-22 09:14:56,933,Webage,interesting, 
2024-05-22 09:14:55,934,DevOps,no worries,this makes no sense
2024-05-22 09:14:54,935,Webage,think outside the box,include me in the meeting
2024-05-22 09:14:53,936,MERN,morning meeting, 
2024-05-22 09:14:52,937,NPM,this is exhausting, 
2024-05-22 09:14:51,938,App Development,provide the answer,bring the whole team in on this
2024-05-22 09:14:50,939,App Development,hit the ground running,I do not know
2024-05-22 09:14:49,940,React,amazing, 
2024-05-22 09:14:48,941,TDD,out of left field,bring the whole team in on this
2024-05-22 09:14:47,942,Pair Programming,that being said,why is this required
2024-05-22 09:14:46,943,Python,we will circle back,please forward the document
2024-05-22 09:14:45,944,PostgresSQL,sorry to bother you,good idea
2024-05-22 09:14:44,945,MERN,that being said,happy to help
2024-05-22 09:14:43,946,App Development,that makes sense,please forward the document
2024-05-22 09:14:42,947,Data Engineering,hit the ground running,happy to help
2024-05-22 09:14:41,948,Cloud,get the ball rolling,why is this required
2024-05-22 09:14:40,949,Knowledge Assessment,I do not know what to write,we will present this
2024-05-22 09:14:39,950,Jenkins,no worries,due by end of day
2024-05-22 09:14:38,951,Python,absolutely,bring the whole team in on this
2024-05-22 09:14:37,952,React,amazing,good idea
2024-05-22 09:14:36,953,Webage,sorry to bother you,include me in the meeting
2024-05-22 09:14:35,954,Personal Insurance,at the end of the day,we will present this
2024-05-22 09:14:34,955,Git,I need a partner,include me in the meeting
2024-05-22 09:14:33,956,NPM,this is exhausting,this is unrelated
2024-05-22 09:14:32,957,React,interesting,happy to help
2024-05-22 09:14:31,958,Sprint Planning,think outside the box,include me in the meeting
2024-05-22 09:14:30,959,MERN,moving forward, 
2024-05-22 09:14:29,960,Guided Project,bang for your buck,happy to help
2024-05-22 09:14:28,961,Capstone,I need a partner,bring the whole team in on this
2024-05-22 09:14:27,962,Knowledge Assessment,thanks for the help,why is this required
2024-05-22 09:14:26,963,Snowflake,I need a partner,why is this required
2024-05-22 09:14:25,964,Bond & Specialty Insurance,as per my last post,include me in the meeting
2024-05-22 09:14:24,965,TDD,absolutely, 
2024-05-22 09:14:23,966,NPM,this is exhausting,why is this required
2024-05-22 09:14:22,967,Bond & Specialty Insurance,I need a partner,good idea
2024-05-22 09:14:21,968,React,think outside the box,due by end of day
2024-05-22 09:14:20,969,SME,out of left field,bring the whole team in on this
2024-05-22 09:14:19,970,Bond & Specialty Insurance,absolutely,please forward the document
2024-05-22 09:14:18,971,Python,bang for your buck,I do not know
2024-05-22 09:14:17,972,SME,this is exhausting,bring the whole team in on this
2024-05-22 09:14:16,973,Python,bang for your buck,why is this required
2024-05-22 09:14:15,974,TDD,morning meeting,we will present this
2024-05-22 09:14:14,975,Jenkins,I need a partner,this makes no sense
2024-05-22 09:14:13,976,Pair Programming,bang for your buck,why is this required
2024-05-22 09:14:12,977,Business Insurance,hit the ground running,I do not know
2024-05-22 09:14:11,978,PostgresSQL,bang for your buck,this makes no sense
2024-05-22 09:14:10,979,Claim,absolutely,this makes no sense
2024-05-22 09:14:09,980,Data Engineering,I am running out of ideas,include me in the meeting
2024-05-22 09:14:08,981,Knowledge Assessment,out of left field,include me in the meeting
2024-05-22 09:14:07,982,Claim,I am running out of ideas,I do not know
2024-05-22 09:14:06,983,PostgresSQL,absolutely,please forward the document
2024-05-22 09:14:05,984,PostgresSQL,we will circle back,that will not work
2024-05-22 09:14:04,985,Snowflake,I need a partner,bring the whole team in on this
2024-05-22 09:14:03,986,TDD,that being said,happy to help
2024-05-22 09:14:02,987,TDD,that makes sense,good idea
2024-05-22 09:14:01,988,JavaScript,I do not know what to write,happy to help
2024-05-22 09:14:00,989,PostgresSQL,out of left field,please forward the document
2024-05-22 09:13:59,990,App Development,I do not know what to write,why is this required
2024-05-22 09:13:58,991,Capstone,that being said, 
2024-05-22 09:13:57,992,Claim,morning meeting,include me in the meeting
2024-05-22 09:13:56,993,Guided Project,thanks for the help,I do not know
2024-05-22 09:13:55,994,Cloud,we will circle back,this is unrelated
2024-05-22 09:13:54,995,Sprint Planning,a no-brainer,include me in the meeting
2024-05-22 09:13:53,996,Guided Project,that makes sense,bring the whole team in on this
2024-05-22 09:13:52,997,Snowflake,at the end of the day, 
2024-05-22 09:13:51,998,NPM,moving forward,why is this required
2024-05-22 09:13:50,999,JavaScript,sorry to bother you,that will not work
2024-05-22 09:13:49,1000,App Development,I am running out of ideas,schedule a meeting to discuss
